id,intent,text,is_complaint,note
B1962,transaction_charged_twice,Why am I being charged twice fro a restaurant?,1,
B1964,transaction_charged_twice,I didn't buy this twice,1,
B1967,transaction_charged_twice,I have a duplicate payment showing up on the app. How do I stop myself being charged for the thing twice?,1,
B1976,transaction_charged_twice,Why is there a transaction that shows multiple times?,1,
B0162,extra_charge_on_statement,I'm not okay with this fee on my statement.,1,
B0166,extra_charge_on_statement,Can you explain what this random $1 charge is?,0,"question about an unknown charge, no dissatisfaction stated"
B0168,extra_charge_on_statement,Why does my statement have these extra charges?,0,
B0171,extra_charge_on_statement,Can you tell me why I noticed a $1 charge on my statement?,0,
B0807,card_payment_fee_charged,There is an unauthorized fee.,1,
B0812,card_payment_fee_charged,im not sure what this charge is for,0,
B0813,card_payment_fee_charged,What is the fee charged with this card payment?,0,
B0819,card_payment_fee_charged,Why would I be charged a fee for card payment?,0,question form; objection only implied
B1761,Refund_not_showing_up,My refund is missing from my statement.,1,
B1765,Refund_not_showing_up,"I need help. I asked for a refund from a merchant a while ago, but I have not gotten my money back. I keep checking my account, but nothing is showing up. What should I do now?",1,merchant refund missing: counted as a card dispute (policy 5.1)
B1766,Refund_not_showing_up,I am awaiting my refund,0,"status statement, no dissatisfaction"
B1767,Refund_not_showing_up,How long does it take for a refund?,0,
B0763,wrong_amount_of_cash_received,Why did I not get my cash back after I withdrew?,1,
B0764,wrong_amount_of_cash_received,I got less cash than the one I specified in the ATM,1,
B0767,wrong_amount_of_cash_received,The ATM gave me the wrong amount of cash today when I went to withdraw. The app says it was more.,1,
B0771,wrong_amount_of_cash_received,I did not get as much cash as I requested at the ATM.,1,
B0000,card_arrival,How do I locate my card?,0,
B0006,card_arrival,Do you know if there is a tracking number for the new card you sent me?,0,
B0010,card_arrival,How do I track my card?,0,
B0011,card_arrival,How long does a card delivery take?,0,
B1843,pending_transfer,I have a pending transfer,0,
B1844,pending_transfer,I am waiting for a pending money transfer to process.,0,
B1847,pending_transfer,So the transfer finally worked but now it's been pending for quite a long time. How long do you expect me to wait for it? It's quite urgent,1,
B1851,pending_transfer,How long can an EU transfer take?,0,
B0841,transfer_not_received_by_recipient,My money transfer has not arrived.,0,problem report without dissatisfaction: counted as a service request
B0845,transfer_not_received_by_recipient,How long does it take for a transfer to get to a recipient?,0,
B0855,transfer_not_received_by_recipient,The receipient doesn't see my money transfer.,0,
B0857,transfer_not_received_by_recipient,I need to find out why my transfer didn't get there.,0,
B1803,declined_card_payment,I was trying to purchase something at the store today and my card has been declined.  Why has this happened?,0,
B1804,declined_card_payment,"My payment has been declined, I thought this issue was fixed!",1,
B1805,declined_card_payment,My card was declined in a shop,0,
B1810,declined_card_payment,Why was a transaction on my card declined?,0,
B2883,cash_withdrawal_charge,What is this charge on my account for a cash withdrawl?,0,
B2886,cash_withdrawal_charge,It looks like I was charged a withdrawal fee for going to my ATM. Why is that because I haven't been charged previously for doing so?,1,objects to a new fee ('haven't been charged previously')
B2892,cash_withdrawal_charge,Why did I have to pay a fee when I got cash?,0,
B2902,cash_withdrawal_charge,An ATM fee was attached to my recent withdrawal.,0,
B0122,card_payment_wrong_exchange_rate,the card payment exchange rate is wrong,1,
B0123,card_payment_wrong_exchange_rate,The exchange rate was wrong when I bought something outside the country.,1,
B0124,card_payment_wrong_exchange_rate,The exchange rate on my purchase is wrong.,1,
B0134,card_payment_wrong_exchange_rate,I bought an item and noticed the exchange rate was not correct.,1,
B1006,top_up_reverted,The app wouldn't accept my top up.,0,
B1007,top_up_reverted,"I topped up my account and even though it was confirmed at first, the money isn't there anymore! why did this happen, and where did my money go?",1,
B1010,top_up_reverted,I put money into my account for the minimum balance but the application didn't accept.,0,
B1013,top_up_reverted,Why would my top up be cancelled?,0,
B2281,failed_transfer,Please help me make a transfer. I keep receiving an error and I'm trying to make the initial mortgage payment for a flat I'm buying. What is the deal here?,1,frustration ('What is the deal here?') with repeated errors
B2289,failed_transfer,My transfer didn't go through.,0,
B2290,failed_transfer,I could not get my transfer to happen correctly and was wondering why?,0,
B2291,failed_transfer,how come my transfer didn't work,0,
B2684,balance_not_updated_after_bank_transfer,When will my balance update after a transfer?,0,
B2690,balance_not_updated_after_bank_transfer,I transferred some money but I think it has gotten lost somewhere.,0,problem report without dissatisfaction
B2692,balance_not_updated_after_bank_transfer,Hello I made a bank transfer couple hours ago from my UK account but it doesn't show up yet. Can you please check if everything is alright with it?,0,
B2693,balance_not_updated_after_bank_transfer,I made a transfer and am still waiting.,0,
B1080,card_payment_not_recognised,I have a strange payment in my statement,1,'strange payment': counted as a dispute about an unrecognised payment
B1081,card_payment_not_recognised,There is a charge on my card that I did not make,1,
B1084,card_payment_not_recognised,An unauthorized payment is in my app,1,
B1094,card_payment_not_recognised,I have a payment I didn't do,1,
B2841,activate_my_card,I need to activate my card can you do that now?,0,
B2845,activate_my_card,How long will it take to activate my new card?,0,
B0480,age_limit,how old do i need to be to get an account for myself,0,
B0489,age_limit,Can my daughter open an account?,0,
B2962,apple_pay_or_google_pay,My top-up for Google Pay isn't working,0,
B2965,apple_pay_or_google_pay,Does Apple Pay give the option to top up?,0,
B1441,atm_support,Which ATMs accept this card?,0,
B1444,atm_support,Are there any specific ATMs that this card can be used at?,0,
B2120,change_pin,What kind of cash machines would allow me to change my PIN?,0,
B2123,change_pin,"If I am overseas, how do I change my pin?",0,
B3043,country_support,What countries are supported?,0,
B3053,country_support,how do i get a card if i am in the usa,0,
B1126,edit_personal_details,got married and need to change name,0,
B1127,edit_personal_details,I want to change my personal details.,0,
B0080,exchange_rate,I need to know your exchange rates.,0,
B0082,exchange_rate,How did you come up with your exchange rates?,0,
B0242,fiat_currency_support,Do you support all fiat currencies?,0,
B0246,fiat_currency_support,"There is an incoming payment into my account, but it is deactivated. Will they still be processed?",0,
B1241,get_physical_card,Is the PIN delivered separately?,0,
B1244,get_physical_card,I cannot seem to find my PIN. Where is it?,0,
B2402,getting_spare_card,I want to order another crad,0,
B2406,getting_spare_card,I would like to receive a few more physical cards.,0,
B2480,order_physical_card,How do I receive my physical card,0,
B2491,order_physical_card,Do you ship cards to where I live?,0,
B1533,passcode_forgotten,I no longer have my passcode.,0,
B1540,passcode_forgotten,What should I do if the passcode doesn't work for me?,0,
B2254,receiving_money,"Salary in GBP has been received, does it need to be configured elsewhere?",0,
B2255,receiving_money,How do i get my salary in the account?,0,
B0880,supported_cards_and_currencies,"To add money to my account, what currencies can I use?",0,
B0881,supported_cards_and_currencies,"I need support options, I want to top my card",0,
B1894,terminate_account,"This company is bad, please delete my account.",1,
B1895,terminate_account,"please delete my account, your services are not up to par.",1,
B0721,top_up_limits,Am I free to top-up as much as I want?,0,
B0727,top_up_limits,what is the top up limit,0,
B2051,transfer_timing,When will a transfer reach my account?,0,
B2053,transfer_timing,Will my transfer immediately show up in my account?,0,
B3001,verify_my_identity,What do you need to verify my identity?,0,
B3005,verify_my_identity,What do you need for my identity check?,0,
B1280,visa_or_mastercard,I like to Mastercard rather than Visa.,0,
B1281,visa_or_mastercard,Do I qualify for a visa card?,0,
