txn_id,customer_id,card_last4,merchant,amount_aed,txn_date,kind
T00637,C001,2824,Lumen Books Plus,19.99,2026-08-03,recurring
T00002,C001,2824,Dune Pearl Hotel,1151.85,2026-08-10,card
T00011,C001,2824,Al Noor Pharmacy,370.00,2026-08-15,card
T00009,C001,2824,Corniche Cinemas,155.00,2026-08-20,card
T00001,C001,2824,GreenLeaf Market,115.34,2026-08-21,card
T00012,C001,2824,Bayview Fashion,262.79,2026-08-21,card
T00005,C001,2824,Saffron Kitchen,204.00,2026-08-28,card
T00004,C001,2824,FurniHome,5541.00,2026-08-30,card
T00638,C001,2824,Lumen Books Plus,19.99,2026-09-03,recurring
T00003,C001,2824,Marina Electronics,811.78,2026-09-04,card
T00561,C001,2824,Corniche Cinemas,136.00,2026-09-12,card
T00562,C001,2824,Corniche Cinemas,136.00,2026-09-12,card
T00010,C001,2824,Marina Electronics,2565.46,2026-09-18,card
T00007,C001,2824,Oasis Fuel,82.34,2026-09-24,card
T00716,C001,2824,FurniHome,1482.00,2026-09-27,card
T00006,C001,2824,SkyWays Travel,3615.02,2026-09-28,card
T00639,C001,2824,Lumen Books Plus,19.99,2026-10-03,recurring
T00013,C001,2824,Al Noor Pharmacy,363.37,2026-10-04,card
T00014,C001,2824,Marina Electronics,3675.60,2026-10-04,card
T00008,C001,2824,Falcon Car Rental,470.00,2026-10-05,card
T00022,C002,1409,Desert Bloom Café,169.00,2026-08-10,card
T00017,C002,1409,Souk Online,151.00,2026-08-11,card
T00027,C002,1409,QuickRide Taxi,64.00,2026-08-13,card
T00718,C002,1409,Bayview Fashion,1146.94,2026-08-13,card
T00018,C002,1409,Corniche Cinemas,187.00,2026-08-17,card
T00852,C002,1409,TechNest Store,1799.64,2026-08-19,card
T00563,C002,1409,Saffron Kitchen,1050.00,2026-08-27,card
T00019,C002,1409,Corniche Cinemas,83.43,2026-08-28,card
T00024,C002,1409,Zest Grocery,155.31,2026-08-28,card
T00028,C002,1409,Saffron Kitchen,322.00,2026-09-01,card
T00023,C002,1409,Saffron Kitchen,84.00,2026-09-12,card
T00717,C002,1409,Bayview Fashion,1012.98,2026-09-12,card
T00021,C002,1409,Al Noor Pharmacy,109.00,2026-09-13,card
T00026,C002,1409,TechNest Store,362.38,2026-09-15,card
T00016,C002,1409,Desert Bloom Café,147.00,2026-09-16,card
T00851,C002,1409,TechNest Store,899.00,2026-09-20,card
T00025,C002,1409,Oasis Fuel,98.88,2026-09-22,card
T00020,C002,1409,TechNest Store,1211.17,2026-09-26,card
T00640,C002,1409,PAY*GLOBALMART HK,2355.38,2026-09-30,card
T00015,C002,1409,TechNest Store,1141.00,2026-10-07,card
T00719,C003,5012,FitTrack Premium,54.00,2026-08-01,recurring
T00643,C003,5506,Desert Bloom Café,70.45,2026-08-06,card
T00035,C003,5506,TechNest Store,702.00,2026-08-08,card
T00042,C003,5012,SkyWays Travel,643.00,2026-08-10,card
T00039,C003,5012,GreenLeaf Market,213.00,2026-08-11,card
T00031,C003,5012,GreenLeaf Market,237.00,2026-08-12,card
T00565,C003,5012,Bayview Fashion,1249.96,2026-08-16,card
T00824,C003,5012,Al Noor Pharmacy,295.86,2026-08-19,card
T00034,C003,5506,Bayview Fashion,485.12,2026-08-20,card
T00037,C003,5012,Marina Electronics,4041.00,2026-08-24,card
T00032,C003,5012,FurniHome,2879.13,2026-08-28,card
T00720,C003,5012,FitTrack Premium,54.00,2026-09-01,recurring
T00040,C003,5506,QuickRide Taxi,113.00,2026-09-10,card
T00033,C003,5012,Falcon Car Rental,397.00,2026-09-19,card
T00038,C003,5012,Zest Grocery,334.00,2026-09-21,card
T00029,C003,5012,TechNest Store,1597.00,2026-09-24,card
T00823,C003,5012,Al Noor Pharmacy,930.00,2026-09-24,card
T00030,C003,5506,Marina Electronics,2024.00,2026-09-26,card
T00041,C003,5506,FurniHome,2814.29,2026-09-28,card
T00564,C003,5012,Bayview Fashion,909.73,2026-09-28,card
T00721,C003,5012,FitTrack Premium,54.00,2026-10-01,recurring
T00036,C003,5012,SkyWays Travel,830.65,2026-10-04,card
T00641,C003,5506,Desert Bloom Café,61.00,2026-10-06,card
T00642,C003,5506,Desert Bloom Café,61.00,2026-10-06,card
T00050,C004,4657,Bayview Fashion,1068.78,2026-08-02,card
T00645,C004,4657,Falcon Car Rental,1098.94,2026-08-02,card
T00051,C004,4657,GreenLeaf Market,332.00,2026-08-05,card
T00043,C004,4657,TechNest Store,462.20,2026-08-09,card
T00567,C004,4657,Dune Pearl Hotel,2344.93,2026-08-11,card
T00048,C004,4657,Corniche Cinemas,176.00,2026-08-12,card
T00049,C004,4657,QuickRide Taxi,19.63,2026-08-17,card
T00045,C004,4657,Desert Bloom Café,245.00,2026-08-18,card
T00795,C004,4657,Desert Bloom Café,53.35,2026-08-18,card
T00054,C004,4657,GreenLeaf Market,278.54,2026-08-20,card
T00722,C004,4657,PAY*GLOBALMART HK,2217.32,2026-08-26,card
T00053,C004,4657,Dune Pearl Hotel,3461.00,2026-09-01,card
T00047,C004,4657,Souk Online,1306.00,2026-09-03,card
T00046,C004,4657,Bayview Fashion,1259.00,2026-09-04,card
T00044,C004,4657,FurniHome,2138.42,2026-09-08,card
T00052,C004,4657,Dune Pearl Hotel,1890.00,2026-09-09,card
T00566,C004,4657,Dune Pearl Hotel,2056.94,2026-09-13,card
T00055,C004,4657,FurniHome,6355.00,2026-09-22,card
T00056,C004,4657,Desert Bloom Café,202.04,2026-09-22,card
T00793,C004,4657,Desert Bloom Café,64.50,2026-10-01,card
T00794,C004,4657,Desert Bloom Café,64.50,2026-10-01,card
T00644,C004,4657,Falcon Car Rental,414.00,2026-10-03,card
T00064,C005,3286,TechNest Store,214.73,2026-08-01,card
T00647,C005,3286,FurniHome,1995.84,2026-08-11,card
T00854,C005,3286,QuickRide Taxi,72.29,2026-08-13,card
T00568,C005,3286,FitTrack Premium,54.00,2026-08-28,recurring
T00061,C005,3286,Falcon Car Rental,1420.00,2026-09-03,card
T00065,C005,3286,TechNest Store,1301.95,2026-09-10,card
T00066,C005,3286,GreenLeaf Market,189.81,2026-09-11,card
T00069,C005,3286,Desert Bloom Café,103.12,2026-09-11,card
T00058,C005,3286,Saffron Kitchen,140.08,2026-09-14,card
T00060,C005,3286,SkyWays Travel,4576.02,2026-09-14,card
T00062,C005,3286,Marina Electronics,304.94,2026-09-14,card
T00057,C005,3286,FurniHome,1371.00,2026-09-18,card
T00063,C005,3286,SkyWays Travel,3389.00,2026-09-19,card
T00646,C005,3286,FurniHome,5814.32,2026-09-20,card
T00059,C005,3286,Souk Online,440.00,2026-09-21,card
T00068,C005,3286,Falcon Car Rental,992.48,2026-09-21,card
T00067,C005,3286,Falcon Car Rental,912.00,2026-09-23,card
T00723,C005,3286,GreenLeaf Market,181.80,2026-09-24,card
T00724,C005,3286,GreenLeaf Market,181.80,2026-09-24,card
T00569,C005,3286,FitTrack Premium,54.00,2026-09-28,recurring
T00570,C005,3286,FitTrack Premium,54.00,2026-09-30,recurring
T00070,C005,3286,Al Noor Pharmacy,179.00,2026-10-05,card
T00853,C005,3286,QuickRide Taxi,95.00,2026-10-05,card
T00649,C006,2679,SkyWays Travel,4401.61,2026-08-02,card
T00084,C006,2679,Saffron Kitchen,359.84,2026-08-03,card
T00076,C006,2679,QuickRide Taxi,33.47,2026-08-07,card
T00075,C006,9935,Corniche Cinemas,80.00,2026-08-14,card
T00826,C006,2679,NX*GAMECREDITS EU,335.01,2026-08-15,card
T00081,C006,9935,FurniHome,2449.00,2026-08-18,card
T00082,C006,2679,Oasis Fuel,121.00,2026-08-28,card
T00073,C006,2679,FurniHome,1299.00,2026-09-01,card
T00079,C006,9935,Marina Electronics,1973.00,2026-09-05,card
T00080,C006,2679,Corniche Cinemas,85.00,2026-09-06,card
T00072,C006,2679,SkyWays Travel,4365.00,2026-09-09,card
T00571,C006,2679,PAY*GLOBALMART HK,1092.45,2026-09-11,card
T00725,C006,2679,Desert Bloom Café,221.00,2026-09-17,card
T00074,C006,2679,Corniche Cinemas,111.00,2026-09-19,card
T00083,C006,9935,Zest Grocery,213.42,2026-09-23,card
T00078,C006,9935,SkyWays Travel,3418.20,2026-09-27,card
T00648,C006,2679,SkyWays Travel,2816.88,2026-10-01,card
T00825,C006,2679,NX*GAMECREDITS EU,612.35,2026-10-04,card
T00071,C006,2679,Corniche Cinemas,140.53,2026-10-05,card
T00077,C006,2679,FurniHome,3184.42,2026-10-07,card
T00650,C007,2424,Palm Fitness Club,249.00,2026-08-03,recurring
T00094,C007,2424,FurniHome,5166.00,2026-08-04,card
T00090,C007,2424,QuickRide Taxi,106.00,2026-08-07,card
T00574,C007,2424,Zest Grocery,134.68,2026-08-08,card
T00089,C007,2424,Desert Bloom Café,170.00,2026-08-11,card
T00797,C007,2424,Falcon Car Rental,1161.39,2026-08-14,card
T00088,C007,2424,SkyWays Travel,3931.23,2026-08-17,card
T00097,C007,2424,Bayview Fashion,335.00,2026-08-21,card
T00095,C007,2424,FurniHome,5519.00,2026-08-31,card
T00092,C007,2424,SkyWays Travel,1879.98,2026-09-02,card
T00651,C007,2424,Palm Fitness Club,249.00,2026-09-03,recurring
T00726,C007,2424,Souk Online,699.00,2026-09-05,card
T00085,C007,2424,Falcon Car Rental,187.78,2026-09-08,card
T00091,C007,2424,Bayview Fashion,539.01,2026-09-11,card
T00093,C007,2424,Zest Grocery,39.00,2026-09-14,card
T00796,C007,2424,Falcon Car Rental,1200.00,2026-09-17,card
T00098,C007,2424,Souk Online,1062.70,2026-09-18,card
T00087,C007,2424,FurniHome,3059.00,2026-09-19,card
T00572,C007,2424,Zest Grocery,109.00,2026-09-23,card
T00573,C007,2424,Zest Grocery,109.00,2026-09-23,card
T00096,C007,2424,Oasis Fuel,167.00,2026-09-29,card
T00086,C007,2424,Falcon Car Rental,890.00,2026-10-02,card
T00652,C007,2424,Palm Fitness Club,249.00,2026-10-03,recurring
T00101,C008,7912,QuickRide Taxi,22.24,2026-08-02,card
T00654,C008,7912,TRX*CRYPTOFAST,392.92,2026-08-02,card
T00856,C008,7912,SkyWays Travel,4122.26,2026-08-09,card
T00108,C008,7912,Bayview Fashion,831.00,2026-08-11,card
T00099,C008,7912,Falcon Car Rental,280.00,2026-08-14,card
T00575,C008,7912,Saffron Kitchen,133.00,2026-08-23,card
T00653,C008,7912,TRX*CRYPTOFAST,3653.58,2026-08-27,card
T00855,C008,7912,SkyWays Travel,3480.00,2026-08-30,card
T00105,C008,7912,FurniHome,2101.46,2026-09-01,card
T00727,C008,7912,Falcon Car Rental,558.00,2026-09-01,card
T00110,C008,7912,Corniche Cinemas,160.00,2026-09-07,card
T00104,C008,7912,Al Noor Pharmacy,317.26,2026-09-11,card
T00106,C008,7912,Al Noor Pharmacy,141.10,2026-09-11,card
T00107,C008,7912,Marina Electronics,1009.09,2026-09-13,card
T00100,C008,7912,Souk Online,1443.00,2026-09-14,card
T00112,C008,7912,Corniche Cinemas,106.70,2026-09-15,card
T00111,C008,7912,FurniHome,4619.90,2026-09-17,card
T00102,C008,7912,QuickRide Taxi,26.08,2026-09-28,card
T00109,C008,7912,FurniHome,3380.00,2026-09-30,card
T00103,C008,7912,Oasis Fuel,88.18,2026-10-01,card
T00728,C009,1488,Lumen Books Plus,19.99,2026-08-01,recurring
T00577,C009,1520,Marina Electronics,2535.25,2026-08-06,card
T00119,C009,1520,Corniche Cinemas,109.00,2026-08-07,card
T00126,C009,1488,Bayview Fashion,321.00,2026-08-10,card
T00115,C009,1520,TechNest Store,866.96,2026-08-13,card
T00828,C009,1488,Dune Pearl Hotel,2803.54,2026-08-14,card
T00113,C009,1520,Al Noor Pharmacy,130.00,2026-08-16,card
T00122,C009,1520,Oasis Fuel,74.00,2026-08-16,card
T00657,C009,1520,Desert Bloom Café,208.83,2026-08-16,card
T00121,C009,1488,Corniche Cinemas,129.00,2026-08-20,card
T00114,C009,1520,TechNest Store,426.00,2026-08-25,card
T00125,C009,1488,Saffron Kitchen,401.00,2026-08-28,card
T00729,C009,1488,Lumen Books Plus,19.99,2026-09-01,recurring
T00118,C009,1520,Oasis Fuel,76.00,2026-09-06,card
T00117,C009,1488,Desert Bloom Café,100.00,2026-09-07,card
T00116,C009,1520,TechNest Store,729.00,2026-09-08,card
T00124,C009,1520,Al Noor Pharmacy,329.66,2026-09-09,card
T00655,C009,1520,Desert Bloom Café,219.65,2026-09-12,card
T00656,C009,1520,Desert Bloom Café,219.65,2026-09-12,card
T00827,C009,1488,Dune Pearl Hotel,1500.00,2026-09-12,card
T00120,C009,1520,Bayview Fashion,266.00,2026-09-21,card
T00123,C009,1488,QuickRide Taxi,96.45,2026-09-27,card
T00576,C009,1520,Marina Electronics,855.52,2026-09-30,card
T00730,C009,1488,Lumen Books Plus,19.99,2026-10-01,recurring
T00799,C010,2535,StreamMax,743.38,2026-08-02,card
T00134,C010,2535,SkyWays Travel,719.00,2026-08-03,card
T00130,C010,2535,GreenLeaf Market,235.48,2026-08-19,card
T00732,C010,2535,PAY*GLOBALMART HK,840.26,2026-08-19,card
T00578,C010,2535,Falcon Car Rental,600.00,2026-08-31,card
T00139,C010,2535,Falcon Car Rental,780.37,2026-09-02,card
T00131,C010,2535,Zest Grocery,104.67,2026-09-06,card
T00138,C010,2535,GreenLeaf Market,132.19,2026-09-06,card
T00731,C010,2535,PAY*GLOBALMART HK,3028.64,2026-09-06,card
T00127,C010,2535,Marina Electronics,1804.50,2026-09-07,card
T00658,C010,2535,Al Noor Pharmacy,285.00,2026-09-10,card
T00137,C010,2535,Zest Grocery,186.58,2026-09-11,card
T00132,C010,2535,Al Noor Pharmacy,188.73,2026-09-21,card
T00129,C010,2535,Zest Grocery,446.00,2026-09-24,card
T00133,C010,2535,Bayview Fashion,680.00,2026-09-25,card
T00128,C010,2535,Saffron Kitchen,163.72,2026-09-28,card
T00135,C010,2535,Bayview Fashion,1097.00,2026-09-30,card
T00136,C010,2535,Al Noor Pharmacy,85.34,2026-10-02,card
T00798,C010,2535,StreamMax,39.00,2026-10-02,card
T00140,C010,2535,SkyWays Travel,5062.85,2026-10-05,card
T00579,C011,4582,StreamMax,39.00,2026-08-03,recurring
T00153,C011,4582,Falcon Car Rental,1309.94,2026-08-06,card
T00660,C011,4582,FurniHome,5429.78,2026-08-07,card
T00858,C011,4582,Falcon Car Rental,655.21,2026-08-15,card
T00144,C011,4582,GreenLeaf Market,341.00,2026-08-21,card
T00148,C011,4582,FurniHome,3762.72,2026-08-25,card
T00142,C011,4582,Dune Pearl Hotel,2545.00,2026-08-27,card
T00733,C011,4582,GreenLeaf Market,335.93,2026-08-27,card
T00734,C011,4582,GreenLeaf Market,335.93,2026-08-27,card
T00145,C011,4582,Souk Online,1016.00,2026-08-29,card
T00152,C011,4582,Falcon Car Rental,1411.00,2026-08-31,card
T00659,C011,4582,FurniHome,6074.32,2026-09-01,card
T00580,C011,4582,StreamMax,39.00,2026-09-03,recurring
T00151,C011,4582,Oasis Fuel,146.17,2026-09-12,card
T00149,C011,4582,Oasis Fuel,104.20,2026-09-13,card
T00857,C011,4582,Falcon Car Rental,1200.00,2026-09-17,card
T00154,C011,4582,SkyWays Travel,3844.05,2026-09-19,card
T00147,C011,4582,Souk Online,777.11,2026-09-30,card
T00143,C011,4582,Bayview Fashion,1307.42,2026-10-02,card
T00150,C011,4582,Bayview Fashion,482.03,2026-10-02,card
T00146,C011,4582,GreenLeaf Market,333.00,2026-10-03,card
T00581,C011,4582,StreamMax,39.00,2026-10-03,recurring
T00141,C011,4582,Desert Bloom Café,131.00,2026-10-06,card
T00162,C012,4811,Al Noor Pharmacy,270.00,2026-08-06,card
T00830,C012,4811,TechNest Store,2570.74,2026-08-06,card
T00156,C012,4811,SkyWays Travel,4621.28,2026-08-13,card
T00161,C012,4811,FurniHome,3047.00,2026-08-13,card
T00583,C012,9279,WWW.LUXEDEALS-ONLINE,457.57,2026-08-19,card
T00157,C012,4811,Al Noor Pharmacy,280.08,2026-08-20,card
T00661,C012,4811,Falcon Car Rental,1151.80,2026-08-20,card
T00164,C012,4811,Oasis Fuel,145.00,2026-08-22,card
T00735,C012,4811,Al Noor Pharmacy,116.00,2026-08-27,card
T00165,C012,4811,Marina Electronics,2618.44,2026-08-31,card
T00160,C012,4811,Corniche Cinemas,135.00,2026-09-06,card
T00167,C012,4811,Bayview Fashion,1270.60,2026-09-06,card
T00168,C012,4811,Marina Electronics,1939.01,2026-09-08,card
T00159,C012,4811,Falcon Car Rental,1304.33,2026-09-10,card
T00158,C012,9279,Zest Grocery,381.69,2026-09-13,card
T00582,C012,9279,WWW.LUXEDEALS-ONLINE,2757.11,2026-09-13,card
T00829,C012,4811,TechNest Store,899.00,2026-09-20,card
T00163,C012,4811,SkyWays Travel,1949.49,2026-09-25,card
T00166,C012,4811,Corniche Cinemas,78.67,2026-09-28,card
T00155,C012,9279,Oasis Fuel,214.00,2026-10-04,card
T00180,C013,1434,Falcon Car Rental,299.20,2026-08-02,card
T00182,C013,1434,Dune Pearl Hotel,2710.70,2026-08-04,card
T00662,C013,1434,FitTrack Premium,54.00,2026-08-06,recurring
T00737,C013,1434,Souk Online,1054.00,2026-08-06,card
T00802,C013,1434,Zest Grocery,400.64,2026-08-09,card
T00175,C013,1434,Al Noor Pharmacy,229.00,2026-08-12,card
T00586,C013,1434,Zest Grocery,106.55,2026-08-13,card
T00584,C013,1434,Zest Grocery,148.00,2026-08-21,card
T00585,C013,1434,Zest Grocery,148.00,2026-08-21,card
T00177,C013,1434,Oasis Fuel,144.94,2026-08-22,card
T00169,C013,1434,QuickRide Taxi,62.97,2026-08-26,card
T00176,C013,1434,Souk Online,1358.00,2026-08-26,card
T00179,C013,1434,GreenLeaf Market,338.00,2026-08-29,card
T00173,C013,1434,FurniHome,1736.00,2026-09-02,card
T00171,C013,1434,Souk Online,88.39,2026-09-05,card
T00172,C013,1434,Desert Bloom Café,240.34,2026-09-06,card
T00663,C013,1434,FitTrack Premium,54.00,2026-09-06,recurring
T00174,C013,1434,Oasis Fuel,205.00,2026-09-09,card
T00178,C013,1434,Bayview Fashion,1358.25,2026-09-13,card
T00170,C013,1434,Falcon Car Rental,320.78,2026-09-15,card
T00181,C013,1434,Bayview Fashion,702.13,2026-09-18,card
T00736,C013,1434,Souk Online,883.97,2026-09-24,card
T00800,C013,1434,Zest Grocery,212.40,2026-09-28,card
T00801,C013,1434,Zest Grocery,212.40,2026-09-28,card
T00664,C013,1434,FitTrack Premium,54.00,2026-10-06,recurring
T00739,C014,4257,SkyWays Travel,1090.77,2026-08-03,card
T00666,C014,4257,PAY*GLOBALMART HK,343.50,2026-08-05,card
T00191,C014,4257,Zest Grocery,319.00,2026-08-07,card
T00192,C014,4257,SkyWays Travel,5149.00,2026-08-09,card
T00194,C014,4257,Oasis Fuel,104.00,2026-08-17,card
T00195,C014,4257,Bayview Fashion,261.00,2026-08-17,card
T00588,C014,4257,Saffron Kitchen,310.99,2026-08-18,card
T00186,C014,4257,Al Noor Pharmacy,261.38,2026-08-20,card
T00587,C014,4257,Saffron Kitchen,290.00,2026-08-30,card
T00188,C014,4257,Saffron Kitchen,138.22,2026-08-31,card
T00665,C014,4257,PAY*GLOBALMART HK,3108.75,2026-09-01,card
T00738,C014,4257,SkyWays Travel,4440.73,2026-09-03,card
T00187,C014,4257,QuickRide Taxi,102.54,2026-09-05,card
T00183,C014,4257,SkyWays Travel,3579.20,2026-09-08,card
T00184,C014,4257,QuickRide Taxi,30.00,2026-09-08,card
T00196,C014,4257,Desert Bloom Café,214.00,2026-09-11,card
T00193,C014,4257,TechNest Store,2375.00,2026-09-12,card
T00189,C014,4257,Dune Pearl Hotel,3736.11,2026-09-15,card
T00185,C014,4257,Corniche Cinemas,59.00,2026-09-19,card
T00190,C014,4257,Saffron Kitchen,159.00,2026-09-28,card
T00669,C015,9928,Desert Bloom Café,51.67,2026-08-02,card
T00740,C015,9928,FitTrack Premium,54.00,2026-08-03,recurring
T00590,C015,7873,Marina Electronics,254.23,2026-08-06,card
T00200,C015,9928,Souk Online,1176.00,2026-08-08,card
T00208,C015,7873,Corniche Cinemas,58.00,2026-08-12,card
T00204,C015,9928,Souk Online,934.71,2026-08-13,card
T00209,C015,7873,QuickRide Taxi,93.18,2026-08-17,card
T00832,C015,7873,QuickRide Taxi,98.21,2026-08-18,card
T00202,C015,7873,Al Noor Pharmacy,343.74,2026-08-19,card
T00207,C015,9928,QuickRide Taxi,84.84,2026-08-20,card
T00589,C015,7873,Marina Electronics,3486.78,2026-08-25,card
T00741,C015,9928,FitTrack Premium,54.00,2026-09-03,recurring
T00206,C015,9928,SkyWays Travel,2434.00,2026-09-10,card
T00210,C015,9928,Saffron Kitchen,301.20,2026-09-15,card
T00667,C015,9928,Desert Bloom Café,155.00,2026-09-16,card
T00668,C015,9928,Desert Bloom Café,155.00,2026-09-16,card
T00203,C015,7873,Zest Grocery,153.76,2026-09-18,card
T00205,C015,7873,GreenLeaf Market,165.00,2026-09-22,card
T00197,C015,7873,Desert Bloom Café,98.00,2026-09-23,card
T00201,C015,9928,Corniche Cinemas,107.00,2026-10-02,card
T00742,C015,9928,FitTrack Premium,54.00,2026-10-03,recurring
T00198,C015,7873,GreenLeaf Market,179.78,2026-10-05,card
T00831,C015,7873,QuickRide Taxi,95.00,2026-10-05,card
T00199,C015,9928,GreenLeaf Market,189.00,2026-10-06,card
T00224,C016,4611,Souk Online,436.00,2026-08-01,card
T00804,C016,4611,Al Noor Pharmacy,210.45,2026-08-03,card
T00219,C016,4611,Dune Pearl Hotel,2867.00,2026-08-07,card
T00220,C016,4611,Oasis Fuel,181.00,2026-08-11,card
T00744,C016,4611,PAY*GLOBALMART HK,490.47,2026-08-11,card
T00217,C016,4611,Zest Grocery,363.00,2026-08-12,card
T00213,C016,4611,GreenLeaf Market,299.75,2026-08-15,card
T00218,C016,4611,TechNest Store,1269.73,2026-08-21,card
T00212,C016,4611,GreenLeaf Market,75.29,2026-08-29,card
T00214,C016,4611,Bayview Fashion,1153.00,2026-09-04,card
T00215,C016,4611,Desert Bloom Café,100.12,2026-09-13,card
T00222,C016,4611,QuickRide Taxi,38.00,2026-09-14,card
T00211,C016,4611,QuickRide Taxi,116.68,2026-09-15,card
T00216,C016,4611,Dune Pearl Hotel,1058.00,2026-09-21,card
T00670,C016,4611,Saffron Kitchen,520.00,2026-09-23,card
T00803,C016,4611,Al Noor Pharmacy,930.00,2026-09-24,card
T00221,C016,4611,Bayview Fashion,967.28,2026-09-26,card
T00591,C016,4611,Falcon Car Rental,691.54,2026-09-30,card
T00743,C016,4611,PAY*GLOBALMART HK,2357.38,2026-10-02,card
T00223,C016,4611,QuickRide Taxi,44.74,2026-10-07,card
T00230,C017,8359,Falcon Car Rental,562.16,2026-08-03,card
T00747,C017,8359,GreenLeaf Market,224.25,2026-08-12,card
T00671,C017,8359,Marina Electronics,972.50,2026-08-20,card
T00237,C017,8359,Marina Electronics,3229.00,2026-08-23,card
T00236,C017,8359,Oasis Fuel,76.45,2026-08-26,card
T00592,C017,8359,StreamMax,39.00,2026-08-28,recurring
T00745,C017,8359,GreenLeaf Market,110.43,2026-08-31,card
T00746,C017,8359,GreenLeaf Market,110.43,2026-08-31,card
T00225,C017,8359,TechNest Store,2746.00,2026-09-02,card
T00238,C017,8359,Corniche Cinemas,154.39,2026-09-11,card
T00233,C017,8359,Falcon Car Rental,702.41,2026-09-13,card
T00235,C017,8359,GreenLeaf Market,319.42,2026-09-14,card
T00231,C017,8359,SkyWays Travel,4286.08,2026-09-16,card
T00229,C017,8359,Desert Bloom Café,242.66,2026-09-24,card
T00226,C017,8359,Souk Online,259.97,2026-09-25,card
T00228,C017,8359,Dune Pearl Hotel,1780.00,2026-09-25,card
T00232,C017,8359,Zest Grocery,410.00,2026-09-25,card
T00593,C017,8359,StreamMax,39.00,2026-09-28,recurring
T00594,C017,8359,StreamMax,39.00,2026-09-30,recurring
T00227,C017,8359,Marina Electronics,1690.00,2026-10-04,card
T00234,C017,8359,FurniHome,5153.00,2026-10-05,card
T00241,C018,5557,Zest Grocery,238.00,2026-08-08,card
T00244,C018,5557,TechNest Store,1790.00,2026-08-08,card
T00749,C018,5557,Desert Bloom Café,61.97,2026-08-09,card
T00245,C018,1106,Al Noor Pharmacy,311.95,2026-08-11,card
T00834,C018,1106,SkyWays Travel,2447.16,2026-08-11,card
T00833,C018,1106,SkyWays Travel,3480.00,2026-08-30,card
T00249,C018,5557,Zest Grocery,72.53,2026-09-06,card
T00251,C018,5557,Souk Online,276.00,2026-09-09,card
T00248,C018,5557,QuickRide Taxi,86.00,2026-09-12,card
T00250,C018,1106,Bayview Fashion,547.00,2026-09-14,card
T00748,C018,5557,Desert Bloom Café,96.00,2026-09-17,card
T00247,C018,5557,Marina Electronics,1660.05,2026-09-19,card
T00595,C018,5557,WWW.LUXEDEALS-ONLINE,655.30,2026-09-19,card
T00252,C018,5557,Falcon Car Rental,1253.00,2026-09-24,card
T00239,C018,1106,SkyWays Travel,2622.91,2026-09-26,card
T00246,C018,1106,Marina Electronics,1153.36,2026-09-26,card
T00243,C018,5557,Falcon Car Rental,946.00,2026-09-27,card
T00672,C018,5557,Bayview Fashion,359.00,2026-10-02,card
T00240,C018,5557,Souk Online,1084.98,2026-10-04,card
T00242,C018,5557,Dune Pearl Hotel,707.00,2026-10-04,card
T00806,C019,3615,SkyWays Travel,4438.50,2026-08-03,card
T00265,C019,3615,Zest Grocery,397.52,2026-08-04,card
T00598,C019,3615,Desert Bloom Café,220.96,2026-08-05,card
T00254,C019,3615,SkyWays Travel,1483.00,2026-08-20,card
T00261,C019,3615,Souk Online,930.09,2026-08-21,card
T00253,C019,3615,Dune Pearl Hotel,1665.00,2026-08-28,card
T00596,C019,3615,Desert Bloom Café,133.14,2026-08-28,card
T00597,C019,3615,Desert Bloom Café,133.14,2026-08-28,card
T00673,C019,3615,Lumen Books Plus,19.99,2026-08-28,recurring
T00805,C019,3615,SkyWays Travel,3480.00,2026-08-30,card
T00266,C019,3615,QuickRide Taxi,56.63,2026-08-31,card
T00263,C019,3615,Dune Pearl Hotel,2833.00,2026-09-06,card
T00259,C019,3615,Souk Online,460.00,2026-09-09,card
T00256,C019,3615,Saffron Kitchen,376.00,2026-09-18,card
T00750,C019,3615,Souk Online,1792.23,2026-09-20,card
T00264,C019,3615,Zest Grocery,153.00,2026-09-25,card
T00257,C019,3615,Oasis Fuel,89.00,2026-09-26,card
T00258,C019,3615,Saffron Kitchen,191.00,2026-09-26,card
T00674,C019,3615,Lumen Books Plus,19.99,2026-09-28,recurring
T00260,C019,3615,Corniche Cinemas,98.34,2026-09-29,card
T00675,C019,3615,Lumen Books Plus,19.99,2026-09-30,recurring
T00262,C019,3615,TechNest Store,2543.00,2026-10-01,card
T00255,C019,3615,Zest Grocery,410.00,2026-10-04,card
T00273,C020,7924,QuickRide Taxi,21.59,2026-08-03,card
T00268,C020,7924,GreenLeaf Market,282.00,2026-08-05,card
T00752,C020,7924,Souk Online,635.65,2026-08-12,card
T00271,C020,7924,TechNest Store,1632.14,2026-08-15,card
T00280,C020,7924,Marina Electronics,4122.32,2026-08-24,card
T00272,C020,7924,Souk Online,577.00,2026-08-31,card
T00278,C020,7924,Desert Bloom Café,213.47,2026-08-31,card
T00270,C020,7924,Al Noor Pharmacy,346.00,2026-09-02,card
T00277,C020,7924,Corniche Cinemas,137.17,2026-09-02,card
T00751,C020,7924,Souk Online,1518.00,2026-09-05,card
T00267,C020,7924,Falcon Car Rental,675.00,2026-09-10,card
T00279,C020,7924,GreenLeaf Market,68.36,2026-09-13,card
T00274,C020,7924,FurniHome,2177.00,2026-09-15,card
T00276,C020,7924,Dune Pearl Hotel,3644.00,2026-09-19,card
T00599,C020,7924,Falcon Car Rental,3530.00,2026-09-22,card
T00676,C020,7924,NX*GAMECREDITS EU,1911.39,2026-09-25,card
T00269,C020,7924,Souk Online,1268.00,2026-09-30,card
T00275,C020,7924,FurniHome,1543.00,2026-10-07,card
T00753,C021,5552,Palm Fitness Club,249.00,2026-08-04,recurring
T00281,C021,5552,Oasis Fuel,174.57,2026-08-05,card
T00293,C021,5552,Marina Electronics,728.26,2026-08-05,card
T00601,C021,6574,TechNest Store,863.91,2026-08-05,card
T00282,C021,5552,Souk Online,127.00,2026-08-06,card
T00287,C021,6574,Corniche Cinemas,179.03,2026-08-11,card
T00679,C021,6574,Saffron Kitchen,165.69,2026-08-17,card
T00836,C021,5552,Falcon Car Rental,1047.94,2026-08-18,card
T00283,C021,6574,SkyWays Travel,2970.76,2026-09-02,card
T00754,C021,5552,Palm Fitness Club,249.00,2026-09-04,recurring
T00600,C021,6574,TechNest Store,1929.95,2026-09-05,card
T00288,C021,5552,QuickRide Taxi,60.00,2026-09-07,card
T00289,C021,5552,SkyWays Travel,968.32,2026-09-09,card
T00677,C021,6574,Saffron Kitchen,378.02,2026-09-11,card
T00678,C021,6574,Saffron Kitchen,378.02,2026-09-11,card
T00284,C021,5552,Saffron Kitchen,163.00,2026-09-12,card
T00290,C021,6574,Al Noor Pharmacy,79.99,2026-09-14,card
T00292,C021,5552,Bayview Fashion,216.05,2026-09-16,card
T00294,C021,5552,Oasis Fuel,97.76,2026-09-16,card
T00835,C021,5552,Falcon Car Rental,1200.00,2026-09-17,card
T00285,C021,5552,Bayview Fashion,1143.16,2026-09-21,card
T00291,C021,5552,Al Noor Pharmacy,281.65,2026-09-25,card
T00286,C021,6574,Al Noor Pharmacy,142.00,2026-10-03,card
T00755,C021,5552,Palm Fitness Club,249.00,2026-10-04,recurring
T00681,C022,3547,Falcon Car Rental,1135.65,2026-08-01,card
T00603,C022,3547,Dune Pearl Hotel,3108.73,2026-08-10,card
T00307,C022,3547,QuickRide Taxi,101.00,2026-08-17,card
T00308,C022,3547,SkyWays Travel,2669.88,2026-08-17,card
T00808,C022,3547,NX*GAMECREDITS EU,851.25,2026-08-17,card
T00304,C022,3547,Dune Pearl Hotel,857.00,2026-08-18,card
T00301,C022,3547,GreenLeaf Market,302.17,2026-08-23,card
T00303,C022,3547,Zest Grocery,431.00,2026-08-23,card
T00300,C022,3547,TechNest Store,2040.09,2026-08-26,card
T00297,C022,3547,Dune Pearl Hotel,1503.19,2026-09-01,card
T00680,C022,3547,Falcon Car Rental,552.00,2026-09-09,card
T00302,C022,3547,Al Noor Pharmacy,311.78,2026-09-14,card
T00295,C022,3547,Falcon Car Rental,978.73,2026-09-17,card
T00602,C022,3547,Dune Pearl Hotel,3455.00,2026-09-19,card
T00299,C022,3547,Falcon Car Rental,525.55,2026-09-27,card
T00305,C022,3547,FurniHome,560.33,2026-09-29,card
T00756,C022,3547,NX*GAMECREDITS EU,2872.37,2026-09-29,card
T00306,C022,3547,Oasis Fuel,70.52,2026-10-01,card
T00807,C022,3547,NX*GAMECREDITS EU,612.35,2026-10-04,card
T00298,C022,3547,GreenLeaf Market,264.09,2026-10-06,card
T00296,C022,3547,Dune Pearl Hotel,3006.00,2026-10-07,card
T00604,C023,4527,Lumen Books Plus,19.99,2026-08-05,recurring
T00313,C023,4527,Marina Electronics,843.36,2026-08-06,card
T00683,C023,4527,Bayview Fashion,925.78,2026-08-07,card
T00309,C023,4527,Marina Electronics,1902.00,2026-08-16,card
T00318,C023,4527,QuickRide Taxi,63.77,2026-08-19,card
T00311,C023,4527,Dune Pearl Hotel,3283.88,2026-08-26,card
T00314,C023,4527,Desert Bloom Café,50.00,2026-08-27,card
T00310,C023,4527,Oasis Fuel,86.35,2026-08-29,card
T00321,C023,4527,FurniHome,1147.38,2026-09-01,card
T00605,C023,4527,Lumen Books Plus,19.99,2026-09-05,recurring
T00315,C023,4527,QuickRide Taxi,67.29,2026-09-08,card
T00316,C023,4527,Corniche Cinemas,161.68,2026-09-08,card
T00320,C023,4527,Oasis Fuel,142.00,2026-09-10,card
T00319,C023,4527,SkyWays Travel,3977.32,2026-09-21,card
T00322,C023,4527,Oasis Fuel,68.10,2026-09-23,card
T00682,C023,4527,Bayview Fashion,129.00,2026-09-23,card
T00317,C023,4527,Al Noor Pharmacy,268.00,2026-09-26,card
T00757,C023,4527,Corniche Cinemas,102.34,2026-09-27,card
T00758,C023,4527,Corniche Cinemas,102.34,2026-09-27,card
T00312,C023,4527,Bayview Fashion,920.00,2026-10-04,card
T00606,C023,4527,Lumen Books Plus,19.99,2026-10-05,recurring
T00760,C024,2674,Al Noor Pharmacy,162.94,2026-08-04,card
T00326,C024,2674,Al Noor Pharmacy,97.45,2026-08-07,card
T00685,C024,2674,Souk Online,144.97,2026-08-09,card
T00839,C024,2674,Desert Bloom Café,259.66,2026-08-15,card
T00684,C024,2674,Souk Online,1305.00,2026-08-21,card
T00323,C024,2674,FurniHome,5362.21,2026-08-25,card
T00329,C024,6514,Falcon Car Rental,240.00,2026-08-25,card
T00759,C024,2674,Al Noor Pharmacy,195.00,2026-09-04,card
T00330,C024,6514,Dune Pearl Hotel,696.33,2026-09-05,card
T00327,C024,6514,Saffron Kitchen,238.16,2026-09-06,card
T00607,C024,2674,NX*GAMECREDITS EU,2115.23,2026-09-08,card
T00334,C024,6514,Corniche Cinemas,67.00,2026-09-11,card
T00333,C024,2674,Falcon Car Rental,240.00,2026-09-12,card
T00335,C024,2674,SkyWays Travel,2407.59,2026-09-13,card
T00328,C024,2674,Desert Bloom Café,134.80,2026-09-16,card
T00331,C024,2674,GreenLeaf Market,341.90,2026-09-17,card
T00336,C024,6514,Corniche Cinemas,114.00,2026-09-17,card
T00837,C024,2674,Desert Bloom Café,64.50,2026-10-01,card
T00838,C024,2674,Desert Bloom Café,64.50,2026-10-01,card
T00324,C024,6514,Marina Electronics,4183.68,2026-10-03,card
T00325,C024,6514,Souk Online,90.56,2026-10-04,card
T00332,C024,6514,SkyWays Travel,4073.00,2026-10-05,card
T00686,C025,2519,StreamMax,39.00,2026-08-01,recurring
T00337,C025,2519,SkyWays Travel,5107.53,2026-08-04,card
T00338,C025,2519,Corniche Cinemas,185.00,2026-08-07,card
T00342,C025,2519,TechNest Store,1500.11,2026-08-08,card
T00810,C025,2519,Dune Pearl Hotel,775.35,2026-08-08,card
T00349,C025,2519,Dune Pearl Hotel,1423.02,2026-08-11,card
T00610,C025,2519,Desert Bloom Café,221.17,2026-08-17,card
T00339,C025,2519,Corniche Cinemas,121.01,2026-08-19,card
T00340,C025,2519,FurniHome,3893.00,2026-08-25,card
T00350,C025,2519,Dune Pearl Hotel,2647.51,2026-08-28,card
T00345,C025,2519,Dune Pearl Hotel,2494.00,2026-09-01,card
T00687,C025,2519,StreamMax,39.00,2026-09-01,recurring
T00347,C025,2519,TechNest Store,980.88,2026-09-05,card
T00346,C025,2519,Bayview Fashion,407.83,2026-09-06,card
T00809,C025,2519,Dune Pearl Hotel,1500.00,2026-09-12,card
T00344,C025,2519,Falcon Car Rental,1442.82,2026-09-13,card
T00608,C025,2519,Desert Bloom Café,242.00,2026-09-18,card
T00609,C025,2519,Desert Bloom Café,242.00,2026-09-18,card
T00348,C025,2519,Souk Online,1053.58,2026-09-20,card
T00341,C025,2519,Desert Bloom Café,109.00,2026-09-22,card
T00761,C025,2519,TechNest Store,959.00,2026-09-30,card
T00688,C025,2519,StreamMax,39.00,2026-10-01,recurring
T00343,C025,2519,Oasis Fuel,149.74,2026-10-07,card
T00362,C026,7224,Marina Electronics,2776.00,2026-08-02,card
T00357,C026,7224,Saffron Kitchen,210.00,2026-08-05,card
T00358,C026,7224,Falcon Car Rental,425.93,2026-08-05,card
T00353,C026,7224,Saffron Kitchen,208.79,2026-08-13,card
T00351,C026,7224,TechNest Store,2711.80,2026-08-18,card
T00360,C026,7224,Souk Online,1780.92,2026-08-18,card
T00612,C026,7224,Al Noor Pharmacy,37.87,2026-08-19,card
T00363,C026,7224,SkyWays Travel,3212.00,2026-08-23,card
T00352,C026,7224,GreenLeaf Market,104.00,2026-08-30,card
T00356,C026,7224,Souk Online,1639.00,2026-08-30,card
T00611,C026,7224,Al Noor Pharmacy,277.00,2026-08-30,card
T00355,C026,7224,Corniche Cinemas,139.33,2026-09-11,card
T00359,C026,7224,Desert Bloom Café,165.00,2026-09-12,card
T00361,C026,7224,Al Noor Pharmacy,89.00,2026-09-12,card
T00689,C026,7224,XQ*DIGISVC 8871 LT,2432.94,2026-09-14,card
T00364,C026,7224,Falcon Car Rental,860.00,2026-09-21,card
T00354,C026,7224,Oasis Fuel,214.00,2026-09-22,card
T00762,C026,7224,Souk Online,286.00,2026-09-24,card
T00763,C027,2584,Palm Fitness Club,249.00,2026-08-01,recurring
T00373,C027,6881,Al Noor Pharmacy,48.00,2026-08-08,card
T00375,C027,6881,TechNest Store,345.55,2026-08-08,card
T00376,C027,2584,Al Noor Pharmacy,204.77,2026-08-08,card
T00841,C027,2584,StreamMax,841.50,2026-08-11,card
T00374,C027,2584,TechNest Store,552.35,2026-08-15,card
T00369,C027,2584,Souk Online,759.48,2026-08-16,card
T00370,C027,6881,Souk Online,1126.00,2026-08-18,card
T00692,C027,6881,GreenLeaf Market,218.91,2026-08-18,card
T00764,C027,2584,Palm Fitness Club,249.00,2026-09-01,recurring
T00377,C027,6881,Al Noor Pharmacy,280.38,2026-09-02,card
T00367,C027,6881,Bayview Fashion,506.00,2026-09-03,card
T00365,C027,2584,GreenLeaf Market,344.05,2026-09-11,card
T00371,C027,2584,Corniche Cinemas,110.97,2026-09-23,card
T00378,C027,2584,Desert Bloom Café,167.00,2026-09-24,card
T00690,C027,6881,GreenLeaf Market,71.00,2026-09-24,card
T00691,C027,6881,GreenLeaf Market,71.00,2026-09-24,card
T00366,C027,2584,FurniHome,1991.00,2026-09-27,card
T00613,C027,2584,FurniHome,1765.00,2026-09-27,card
T00368,C027,2584,Dune Pearl Hotel,658.00,2026-09-29,card
T00765,C027,2584,Palm Fitness Club,249.00,2026-10-01,recurring
T00840,C027,2584,StreamMax,39.00,2026-10-02,card
T00372,C027,2584,Corniche Cinemas,155.00,2026-10-07,card
T00812,C028,6635,TechNest Store,1583.97,2026-08-07,card
T00379,C028,6635,Dune Pearl Hotel,2263.00,2026-08-09,card
T00386,C028,6635,Al Noor Pharmacy,76.00,2026-08-15,card
T00380,C028,6635,Corniche Cinemas,87.00,2026-08-18,card
T00390,C028,6635,FurniHome,5002.00,2026-08-18,card
T00694,C028,6635,Desert Bloom Café,187.62,2026-08-19,card
T00766,C028,6635,TRX*CRYPTOFAST,3890.84,2026-08-20,card
T00387,C028,6635,Saffron Kitchen,281.00,2026-08-31,card
T00693,C028,6635,Desert Bloom Café,490.00,2026-08-31,card
T00385,C028,6635,Al Noor Pharmacy,211.00,2026-09-01,card
T00384,C028,6635,Oasis Fuel,194.00,2026-09-08,card
T00391,C028,6635,Souk Online,1477.63,2026-09-11,card
T00382,C028,6635,Falcon Car Rental,286.00,2026-09-14,card
T00811,C028,6635,TechNest Store,899.00,2026-09-20,card
T00392,C028,6635,FurniHome,5745.00,2026-09-22,card
T00389,C028,6635,Saffron Kitchen,326.59,2026-09-26,card
T00614,C028,6635,Bayview Fashion,129.40,2026-09-26,card
T00381,C028,6635,QuickRide Taxi,119.25,2026-09-27,card
T00388,C028,6635,TechNest Store,374.00,2026-09-27,card
T00383,C028,6635,GreenLeaf Market,347.68,2026-10-07,card
T00615,C029,5333,Palm Fitness Club,249.00,2026-08-02,recurring
T00696,C029,5333,Souk Online,1134.15,2026-08-07,card
T00400,C029,5333,Saffron Kitchen,196.00,2026-08-10,card
T00399,C029,5333,Zest Grocery,411.00,2026-08-25,card
T00406,C029,5333,GreenLeaf Market,272.53,2026-08-27,card
T00616,C029,5333,Palm Fitness Club,249.00,2026-09-02,recurring
T00767,C029,5333,Zest Grocery,66.00,2026-09-03,card
T00768,C029,5333,Zest Grocery,66.00,2026-09-03,card
T00396,C029,5333,Marina Electronics,1126.00,2026-09-08,card
T00401,C029,5333,TechNest Store,1437.10,2026-09-08,card
T00404,C029,5333,Souk Online,865.94,2026-09-09,card
T00403,C029,5333,FurniHome,2819.00,2026-09-11,card
T00695,C029,5333,Souk Online,1225.00,2026-09-11,card
T00398,C029,5333,Oasis Fuel,99.00,2026-09-12,card
T00395,C029,5333,SkyWays Travel,2477.99,2026-09-18,card
T00397,C029,5333,Oasis Fuel,206.36,2026-09-23,card
T00393,C029,5333,Souk Online,157.00,2026-09-24,card
T00405,C029,5333,Bayview Fashion,776.41,2026-09-29,card
T00402,C029,5333,Desert Bloom Café,246.00,2026-10-01,card
T00617,C029,5333,Palm Fitness Club,249.00,2026-10-02,recurring
T00394,C029,5333,Corniche Cinemas,185.98,2026-10-07,card
T00413,C030,1711,Saffron Kitchen,400.00,2026-08-01,card
T00416,C030,8527,Saffron Kitchen,297.00,2026-08-01,card
T00414,C030,1711,QuickRide Taxi,103.00,2026-08-09,card
T00844,C030,1711,Zest Grocery,277.54,2026-08-11,card
T00418,C030,8527,Desert Bloom Café,217.00,2026-08-14,card
T00770,C030,8527,Desert Bloom Café,139.61,2026-08-16,card
T00407,C030,8527,Dune Pearl Hotel,1837.00,2026-08-19,card
T00411,C030,1711,Al Noor Pharmacy,283.80,2026-08-22,card
T00769,C030,8527,Desert Bloom Café,230.00,2026-08-24,card
T00697,C030,8527,Bayview Fashion,521.00,2026-08-30,card
T00409,C030,1711,Oasis Fuel,112.78,2026-09-01,card
T00417,C030,1711,QuickRide Taxi,16.76,2026-09-06,card
T00408,C030,8527,Desert Bloom Café,161.73,2026-09-07,card
T00618,C030,8527,TRX*CRYPTOFAST,3615.29,2026-09-14,card
T00419,C030,1711,GreenLeaf Market,103.31,2026-09-15,card
T00415,C030,1711,Oasis Fuel,95.00,2026-09-17,card
T00420,C030,8527,Bayview Fashion,221.14,2026-09-28,card
T00842,C030,1711,Zest Grocery,212.40,2026-09-28,card
T00843,C030,1711,Zest Grocery,212.40,2026-09-28,card
T00410,C030,8527,Corniche Cinemas,82.31,2026-10-02,card
T00412,C030,8527,Oasis Fuel,89.00,2026-10-07,card
T00698,C031,9785,FitTrack Premium,54.00,2026-08-01,recurring
T00430,C031,9785,SkyWays Travel,5057.03,2026-08-04,card
T00421,C031,9785,FurniHome,2230.00,2026-08-05,card
T00425,C031,9785,Saffron Kitchen,306.39,2026-08-05,card
T00422,C031,9785,Zest Grocery,200.67,2026-08-08,card
T00814,C031,9785,QuickRide Taxi,35.28,2026-08-08,card
T00621,C031,9785,Zest Grocery,241.85,2026-08-09,card
T00429,C031,9785,Dune Pearl Hotel,777.00,2026-08-10,card
T00428,C031,9785,SkyWays Travel,4076.00,2026-08-11,card
T00432,C031,9785,QuickRide Taxi,86.37,2026-08-11,card
T00772,C031,9785,FurniHome,2963.48,2026-08-16,card
T00426,C031,9785,Marina Electronics,213.00,2026-08-19,card
T00699,C031,9785,FitTrack Premium,54.00,2026-09-01,recurring
T00771,C031,9785,FurniHome,1319.17,2026-09-03,card
T00424,C031,9785,GreenLeaf Market,99.67,2026-09-04,card
T00433,C031,9785,Souk Online,1298.00,2026-09-04,card
T00423,C031,9785,Desert Bloom Café,58.19,2026-09-12,card
T00431,C031,9785,Bayview Fashion,747.97,2026-09-18,card
T00427,C031,9785,Falcon Car Rental,575.00,2026-09-19,card
T00434,C031,9785,Oasis Fuel,174.00,2026-09-19,card
T00619,C031,9785,Zest Grocery,410.00,2026-09-21,card
T00620,C031,9785,Zest Grocery,410.00,2026-09-21,card
T00700,C031,9785,FitTrack Premium,54.00,2026-10-01,recurring
T00813,C031,9785,QuickRide Taxi,95.00,2026-10-05,card
T00444,C032,3045,TechNest Store,390.59,2026-08-01,card
T00441,C032,3045,Bayview Fashion,464.00,2026-08-09,card
T00774,C032,3045,Souk Online,1617.47,2026-08-09,card
T00439,C032,3045,Falcon Car Rental,565.24,2026-08-11,card
T00437,C032,3045,Zest Grocery,223.94,2026-08-14,card
T00436,C032,3045,Al Noor Pharmacy,294.00,2026-08-17,card
T00440,C032,3045,FurniHome,4580.00,2026-08-18,card
T00448,C032,3045,SkyWays Travel,3980.42,2026-09-01,card
T00773,C032,3045,Souk Online,174.92,2026-09-06,card
T00446,C032,3045,Al Noor Pharmacy,175.00,2026-09-08,card
T00435,C032,3045,SkyWays Travel,1090.00,2026-09-09,card
T00622,C032,3045,Al Noor Pharmacy,330.00,2026-09-10,card
T00438,C032,3045,Desert Bloom Café,118.00,2026-09-11,card
T00445,C032,3045,Falcon Car Rental,1290.93,2026-09-12,card
T00447,C032,3045,SkyWays Travel,2803.00,2026-09-20,card
T00701,C032,3045,NX*GAMECREDITS EU,2123.11,2026-09-26,card
T00442,C032,3045,Marina Electronics,1267.65,2026-10-01,card
T00443,C032,3045,Zest Grocery,143.00,2026-10-03,card
T00775,C033,2291,StreamMax,39.00,2026-08-02,recurring
T00450,C033,2291,GreenLeaf Market,217.00,2026-08-04,card
T00454,C033,7201,Al Noor Pharmacy,229.61,2026-08-05,card
T00704,C033,2291,Oasis Fuel,140.35,2026-08-08,card
T00451,C033,2291,Al Noor Pharmacy,177.84,2026-08-09,card
T00453,C033,2291,Bayview Fashion,1035.50,2026-08-10,card
T00459,C033,7201,Oasis Fuel,219.63,2026-08-14,card
T00624,C033,7201,FurniHome,1621.81,2026-08-14,card
T00846,C033,2291,Al Noor Pharmacy,324.15,2026-08-14,card
T00460,C033,7201,Souk Online,1661.00,2026-08-15,card
T00461,C033,7201,Oasis Fuel,109.90,2026-08-27,card
T00702,C033,2291,Oasis Fuel,140.00,2026-08-28,card
T00703,C033,2291,Oasis Fuel,140.00,2026-08-28,card
T00457,C033,2291,QuickRide Taxi,16.11,2026-08-29,card
T00452,C033,7201,QuickRide Taxi,29.61,2026-08-31,card
T00776,C033,2291,StreamMax,39.00,2026-09-02,recurring
T00456,C033,2291,Marina Electronics,2431.04,2026-09-12,card
T00455,C033,2291,Dune Pearl Hotel,816.00,2026-09-15,card
T00623,C033,7201,FurniHome,5712.00,2026-09-15,card
T00449,C033,7201,SkyWays Travel,1889.38,2026-09-16,card
T00845,C033,2291,Al Noor Pharmacy,930.00,2026-09-24,card
T00462,C033,7201,Corniche Cinemas,114.04,2026-09-27,card
T00777,C033,2291,StreamMax,39.00,2026-10-02,recurring
T00458,C033,7201,FurniHome,2682.13,2026-10-04,card
T00706,C034,5803,Saffron Kitchen,193.00,2026-08-02,card
T00463,C034,5803,SkyWays Travel,1981.00,2026-08-03,card
T00817,C034,5803,Desert Bloom Café,165.41,2026-08-06,card
T00472,C034,5803,Dune Pearl Hotel,2518.16,2026-08-11,card
T00779,C034,5803,XQ*DIGISVC 8871 LT,145.99,2026-08-14,card
T00473,C034,5803,Oasis Fuel,78.86,2026-08-15,card
T00626,C034,5803,Bayview Fashion,1110.13,2026-08-19,card
T00475,C034,5803,Oasis Fuel,127.69,2026-08-23,card
T00468,C034,5803,QuickRide Taxi,15.00,2026-08-27,card
T00464,C034,5803,SkyWays Travel,3715.00,2026-09-01,card
T00476,C034,5803,Marina Electronics,1320.00,2026-09-10,card
T00705,C034,5803,Saffron Kitchen,400.00,2026-09-11,card
T00778,C034,5803,XQ*DIGISVC 8871 LT,4186.46,2026-09-12,card
T00471,C034,5803,SkyWays Travel,3412.00,2026-09-14,card
T00469,C034,5803,Bayview Fashion,859.00,2026-09-16,card
T00474,C034,5803,Marina Electronics,2958.42,2026-09-23,card
T00466,C034,5803,FurniHome,4242.00,2026-09-25,card
T00467,C034,5803,Falcon Car Rental,1153.00,2026-09-27,card
T00465,C034,5803,Marina Electronics,1490.51,2026-09-29,card
T00625,C034,5803,Bayview Fashion,126.03,2026-09-29,card
T00815,C034,5803,Desert Bloom Café,64.50,2026-10-01,card
T00816,C034,5803,Desert Bloom Café,64.50,2026-10-01,card
T00470,C034,5803,SkyWays Travel,2704.73,2026-10-02,card
T00627,C035,6925,StreamMax,39.00,2026-08-01,recurring
T00782,C035,6925,Desert Bloom Café,176.10,2026-08-02,card
T00487,C035,6925,Marina Electronics,3329.00,2026-08-08,card
T00482,C035,6925,Al Noor Pharmacy,218.00,2026-08-15,card
T00490,C035,6925,QuickRide Taxi,119.00,2026-08-17,card
T00489,C035,6925,Souk Online,1052.00,2026-08-18,card
T00481,C035,6925,Saffron Kitchen,140.94,2026-08-22,card
T00628,C035,6925,StreamMax,39.00,2026-09-01,recurring
T00480,C035,6925,Marina Electronics,2440.00,2026-09-07,card
T00484,C035,6925,TechNest Store,378.00,2026-09-08,card
T00488,C035,6925,Dune Pearl Hotel,2449.00,2026-09-11,card
T00780,C035,6925,Desert Bloom Café,94.72,2026-09-12,card
T00781,C035,6925,Desert Bloom Café,94.72,2026-09-12,card
T00478,C035,6925,Oasis Fuel,190.43,2026-09-22,card
T00486,C035,6925,GreenLeaf Market,93.21,2026-09-24,card
T00483,C035,6925,Bayview Fashion,814.00,2026-09-26,card
T00485,C035,6925,Saffron Kitchen,155.00,2026-09-26,card
T00707,C035,6925,Bayview Fashion,849.80,2026-09-26,card
T00629,C035,6925,StreamMax,39.00,2026-10-01,recurring
T00477,C035,6925,Al Noor Pharmacy,332.00,2026-10-02,card
T00479,C035,6925,Corniche Cinemas,147.97,2026-10-02,card
T00498,C036,4150,Oasis Fuel,186.00,2026-08-06,card
T00502,C036,4150,Dune Pearl Hotel,726.00,2026-08-07,card
T00504,C036,2139,Zest Grocery,30.49,2026-08-10,card
T00501,C036,4150,Oasis Fuel,85.44,2026-08-12,card
T00784,C036,2139,Al Noor Pharmacy,268.13,2026-08-12,card
T00848,C036,2139,NX*GAMECREDITS EU,692.48,2026-08-14,card
T00500,C036,2139,Al Noor Pharmacy,377.06,2026-08-26,card
T00496,C036,4150,Zest Grocery,128.02,2026-08-28,card
T00630,C036,2139,PAY*GLOBALMART HK,762.19,2026-09-08,card
T00494,C036,4150,Bayview Fashion,702.01,2026-09-11,card
T00497,C036,4150,Corniche Cinemas,91.82,2026-09-13,card
T00495,C036,2139,Desert Bloom Café,200.81,2026-09-15,card
T00491,C036,2139,FurniHome,4740.00,2026-09-20,card
T00708,C036,4150,Souk Online,1603.00,2026-09-20,card
T00493,C036,4150,Falcon Car Rental,280.00,2026-09-21,card
T00492,C036,2139,Corniche Cinemas,128.73,2026-09-23,card
T00503,C036,4150,Falcon Car Rental,1138.00,2026-09-24,card
T00783,C036,2139,Al Noor Pharmacy,820.00,2026-09-24,card
T00499,C036,4150,GreenLeaf Market,30.00,2026-09-26,card
T00847,C036,2139,NX*GAMECREDITS EU,612.35,2026-10-04,card
T00505,C037,1750,Oasis Fuel,143.11,2026-08-02,card
T00709,C037,1750,FitTrack Premium,54.00,2026-08-02,recurring
T00514,C037,1750,Zest Grocery,279.03,2026-08-04,card
T00509,C037,1750,Falcon Car Rental,1027.00,2026-08-09,card
T00786,C037,1750,TechNest Store,525.62,2026-08-10,card
T00511,C037,1750,QuickRide Taxi,105.00,2026-08-13,card
T00633,C037,1750,Saffron Kitchen,127.83,2026-08-13,card
T00507,C037,1750,Corniche Cinemas,78.00,2026-08-14,card
T00506,C037,1750,Desert Bloom Café,219.76,2026-08-17,card
T00508,C037,1750,GreenLeaf Market,144.46,2026-08-18,card
T00819,C037,1750,StreamMax,511.41,2026-08-18,card
T00510,C037,1750,Desert Bloom Café,137.00,2026-08-20,card
T00710,C037,1750,FitTrack Premium,54.00,2026-09-02,recurring
T00513,C037,1750,QuickRide Taxi,98.00,2026-09-05,card
T00512,C037,1750,Oasis Fuel,154.33,2026-09-14,card
T00518,C037,1750,Desert Bloom Café,245.00,2026-09-19,card
T00515,C037,1750,Souk Online,956.00,2026-09-20,card
T00631,C037,1750,Saffron Kitchen,183.38,2026-10-02,card
T00632,C037,1750,Saffron Kitchen,183.38,2026-10-02,card
T00711,C037,1750,FitTrack Premium,54.00,2026-10-02,recurring
T00818,C037,1750,StreamMax,39.00,2026-10-02,card
T00516,C037,1750,Souk Online,1422.00,2026-10-03,card
T00785,C037,1750,TechNest Store,864.00,2026-10-05,card
T00517,C037,1750,Falcon Car Rental,498.00,2026-10-07,card
T00525,C038,4733,Souk Online,1327.00,2026-08-08,card
T00524,C038,4733,TechNest Store,1597.26,2026-08-09,card
T00522,C038,4733,Souk Online,791.26,2026-08-11,card
T00527,C038,4733,Saffron Kitchen,300.00,2026-08-16,card
T00520,C038,4733,Zest Grocery,294.00,2026-09-03,card
T00529,C038,4733,Dune Pearl Hotel,1009.00,2026-09-04,card
T00530,C038,4733,GreenLeaf Market,133.88,2026-09-04,card
T00634,C038,4733,Saffron Kitchen,104.00,2026-09-12,card
T00532,C038,4733,Al Noor Pharmacy,40.00,2026-09-17,card
T00712,C038,4733,NX*GAMECREDITS EU,1025.08,2026-09-25,card
T00526,C038,4733,FurniHome,6040.00,2026-09-28,card
T00787,C038,4733,SkyWays Travel,2075.00,2026-09-28,card
T00519,C038,4733,QuickRide Taxi,72.00,2026-09-30,card
T00528,C038,4733,Desert Bloom Café,194.00,2026-10-03,card
T00531,C038,4733,Zest Grocery,351.00,2026-10-03,card
T00521,C038,4733,TechNest Store,2682.45,2026-10-04,card
T00523,C038,4733,Oasis Fuel,73.00,2026-10-05,card
T00788,C039,5741,FitTrack Premium,54.00,2026-08-01,recurring
T00542,C039,2307,FurniHome,438.91,2026-08-04,card
T00850,C039,2307,Dune Pearl Hotel,3217.62,2026-08-11,card
T00544,C039,5741,Desert Bloom Café,226.78,2026-08-14,card
T00537,C039,5741,SkyWays Travel,4399.59,2026-08-16,card
T00545,C039,2307,TechNest Store,1270.00,2026-08-19,card
T00535,C039,5741,Saffron Kitchen,191.00,2026-08-23,card
T00541,C039,2307,Souk Online,861.87,2026-08-26,card
T00533,C039,5741,Marina Electronics,3282.00,2026-08-30,card
T00534,C039,2307,Desert Bloom Café,229.00,2026-09-01,card
T00789,C039,5741,FitTrack Premium,54.00,2026-09-01,recurring
T00540,C039,5741,Zest Grocery,34.00,2026-09-07,card
T00539,C039,5741,Zest Grocery,419.71,2026-09-11,card
T00543,C039,5741,FurniHome,4279.00,2026-09-12,card
T00849,C039,2307,Dune Pearl Hotel,1500.00,2026-09-12,card
T00538,C039,2307,Saffron Kitchen,140.00,2026-09-21,card
T00536,C039,5741,Saffron Kitchen,141.00,2026-09-23,card
T00713,C039,2307,GreenLeaf Market,232.23,2026-09-27,card
T00714,C039,2307,GreenLeaf Market,232.23,2026-09-27,card
T00790,C039,5741,FitTrack Premium,54.00,2026-10-01,recurring
T00635,C039,2307,FurniHome,2237.00,2026-10-03,card
T00546,C039,2307,Bayview Fashion,176.00,2026-10-06,card
T00792,C040,4814,NX*GAMECREDITS EU,361.40,2026-08-03,card
T00822,C040,4814,Zest Grocery,216.83,2026-08-04,card
T00550,C040,4814,SkyWays Travel,2683.00,2026-08-10,card
T00554,C040,4814,Souk Online,514.00,2026-08-12,card
T00547,C040,4814,QuickRide Taxi,63.00,2026-08-13,card
T00558,C040,4814,Desert Bloom Café,228.00,2026-08-13,card
T00559,C040,4814,Al Noor Pharmacy,309.00,2026-08-16,card
T00560,C040,4814,Desert Bloom Café,223.00,2026-08-17,card
T00551,C040,4814,TechNest Store,2282.00,2026-08-20,card
T00557,C040,4814,Falcon Car Rental,1073.88,2026-08-23,card
T00555,C040,4814,Marina Electronics,3497.00,2026-08-28,card
T00556,C040,4814,SkyWays Travel,1020.00,2026-09-15,card
T00549,C040,4814,Oasis Fuel,106.67,2026-09-20,card
T00636,C040,4814,SkyWays Travel,3401.41,2026-09-20,card
T00552,C040,4814,GreenLeaf Market,171.11,2026-09-22,card
T00791,C040,4814,NX*GAMECREDITS EU,3455.91,2026-09-22,card
T00548,C040,4814,Oasis Fuel,72.00,2026-09-25,card
T00715,C040,4814,Desert Bloom Café,149.00,2026-09-26,card
T00553,C040,4814,GreenLeaf Market,339.00,2026-09-27,card
T00820,C040,4814,Zest Grocery,212.40,2026-09-28,card
T00821,C040,4814,Zest Grocery,212.40,2026-09-28,card
